{
    "idle": {
        "cpu": 13.02,
        "memory": 271.76953125,
        "time": 5.000097036361694
    },
    "cpu_stress": {
        "cpu": 91.28181818181818,
        "memory": 50.79296875,
        "time": 5.01078200340271
    },
    "cpu_multi": {
        "cpu": 99.8,
        "memory": 77.85546875,
        "time": 5.010293960571289
    },
    "memory_stress": {
        "cpu": 97.48181818181818,
        "memory": 1042.1484375,
        "time": 5.095570802688599
    },
    "memory_large": {
        "cpu": 10.1125,
        "memory": 13.33203125,
        "time": 4.0002546310424805
    },
    "disk_write": {
        "cpu": 67.475,
        "memory": 496.7109375,
        "time": 1.9559288024902344
    },
    "disk_read": {
        "cpu": 67.9,
        "memory": 535.6484375,
        "time": 2.3266327381134033
    },
    "network_download": {
        "cpu": 47.975,
        "memory": 66.953125,
        "time": 5.73314642906189
    },
    "process_spawn": {
        "cpu": 31.7,
        "memory": 0.0,
        "time": 0.14520525932312012
    }
}
